{
    "a52dec": {"version": "0.7.4", "website": "https://liba52.sourceforge.io/", "description": "a52dec (aka. liba52)"},
    "agg": {"version": "2.5", "website": "https://agg.sourceforge.io/", "description": "Anti-Grain Geometry"},
    "alure": {"version": "1.2", "website": "http://kcat.strangesoft.net/alure.html", "description": ""},
    "apr": {"version": "1.5.2", "website": "https://apr.apache.org/", "description": "APR"},
    "apr-util": {"version": "1.5.4", "website": "https://apr.apache.org/", "description": "APR-util"},
    "armadillo": {"version": "8.200.2", "website": "https://arma.sourceforge.io/", "description": "Armadillo C++ linear algebra library"},
    "aspell": {"version": "0.60.6.1", "website": "http://aspell.net/", "description": "Aspell"},
    "assimp": {"version": "3.2", "website": "https://assimp.sourceforge.io/", "description": "Assimp Open Asset Import Library"},
    "atk": {"version": "2.16.0", "website": "https://gtk.org/", "description": "ATK"},
    "atkmm": {"version": "2.22.7", "website": "https://www.gtkmm.org/", "description": "ATKmm"},
    "aubio": {"version": "0.4.2", "website": "https://www.aubio.org/", "description": ""},
    "autotools": {"version": "1", "website": "https://en.wikipedia.org/wiki/GNU_Build_System", "description": "Dependency package to ensure the autotools work"},
    "bfd": {"version": "2.28", "website": "https://www.gnu.org/software/binutils/", "description": "Binary File Descriptor library"},
    "binutils": {"version": "2.28", "website": "https://www.gnu.org/software/binutils/", "description": "GNU Binutils"},
    "blas": {"version": "3.5.0", "website": "http://www.netlib.org/blas/", "description": ""},
    "boost": {"version": "1.60.0", "website": "https://www.boost.org/", "description": "Boost C++ Library"},
    "box2d": {"version": "2.3.1", "website": "http://www.box2d.org/", "description": ""},
    "bullet": {"version": "2.82-r2704", "website": "http://bulletphysics.org/", "description": "Bullet physics, version 2"},
    "bzip2": {"version": "1.0.6", "website": "http://www.bzip.org/", "description": ""},
    "cairo": {"version": "1.15.4", "website": "https://cairographics.org/", "description": ""},
    "cairomm": {"version": "1.11.2", "website": "https://cairographics.org/cairomm/", "description": ""},
    "cblas": {"version": "1", "website": "http://www.netlib.org/blas/", "description": ""},
    "cc": {"version": "1", "website": "https://mxe.cc", "description": "Dependency package for cross libraries"},
    "ccfits": {"version": "2.5", "website": "https://heasarc.gsfc.nasa.gov/fitsio/ccfits", "description": "CCfits"},
    "cegui": {"version": "9726a2b505fb", "website": "http://cegui.org.uk/", "description": "Crazy Eddie’s GUI System (CEGUI)"},
    "cfitsio": {"version": "3410", "website": "https://heasarc.gsfc.nasa.gov/fitsio/", "description": ""},
    "cgal": {"version": "4.11", "website": "https://www.cgal.org/", "description": ""},
    "check": {"version": "0.10.0", "website": "https://check.sourceforge.io/", "description": ""},
    "chipmunk": {"version": "6.2.2", "website": "https://chipmunk-physics.net/", "description": "Chipmunk Physics"},
    "chromaprint": {"version": "1.1", "website": "https://acoustid.org/chromaprint", "description": "Chromaprint"},
    "cimg": {"version": "1.6.3", "website": "http://cimg.eu/", "description": "CImg Library"},
    "cloog": {"version": "0.18.4", "website": "https://www.bastoul.net/cloog/", "description": "CLooG Code Generator"},
    "cmake": {"version": "3.10.0", "website": "https://www.cmake.org/", "description": ""},
    "cmake-conf": {"version": "1", "website": "", "description": ""},
    "cminpack": {"version": "1.3.4", "website": "http://devernay.free.fr/hacks/cminpack/cminpack.html", "description": ""},
    "coda": {"version": "2.15.1", "website": "https://stcorp.nl/coda/", "description": "CODA"},
    "coin": {"version": "3.1.3", "website": "https://bitbucket.org/Coin3D/", "description": "Coin3D"},
    "cpp-netlib": {"version": "0.11.2", "website": "http://cpp-netlib.org/", "description": "Boost C++ Networking Library"},
    "cppunit": {"version": "1.13.2", "website": "https://www.freedesktop.org/wiki/Software/cppunit/", "description": "CppUnit"},
    "cryptopp": {"version": "5.6.3", "website": "https://www.cryptopp.com/", "description": "Crypto++ Library"},
    "crystalhd": {"version": "1", "website": "https://www.broadcom.com/support/crystal_hd/", "description": "Broadcom Crystal HD Headers"},
    "cunit": {"version": "2.1-3", "website": "https://cunit.sourceforge.io/", "description": ""},
    "curl": {"version": "7.58.0", "website": "https://curl.haxx.se/libcurl/", "description": "cURL"},
    "db": {"version": "6.1.26", "website": "https://www.oracle.com/technetwork/database/database-technologies/berkeleydb/overview/index.html", "description": "Oracle Berkeley DB"},
    "dbus": {"version": "1.13.0", "website": "https://dbus.freedesktop.org/", "description": ""},
    "dcmtk": {"version": "3.6.0", "website": "http://dicom.offis.de/dcmtk.php.en", "description": "DCMTK"},
    "devil": {"version": "cba359b", "website": "https://openil.sourceforge.io/", "description": "DevIL"},
    "djvulibre": {"version": "3.5.27", "website": "https://djvu.sourceforge.io/", "description": "DjVuLibre"},
    "dlfcn-win32": {"version": "e19bf07", "website": "https://github.com/dlfcn-win32/dlfcn-win32", "description": "POSIX dlfcn wrapper for Windows"},
    "eigen": {"version": "3.2.5", "website": "https://eigen.tuxfamily.org/", "description": ""},
    "exiv2": {"version": "0.25", "website": "http://www.exiv2.org/", "description": "Exiv2"},
    "expat": {"version": "2.2.5", "website": "https://github.com/libexpat/libexpat", "description": "Expat XML Parser"},
    "faad2": {"version": "2.7", "website": "http://www.audiocoding.com/", "description": ""},
    "fdk-aac": {"version": "0.1.4", "website": "https://github.com/mstorsjo/fdk-aac", "description": "FDK-AAC"},
    "ffmpeg": {"version": "3.4.1", "website": "https://ffmpeg.org/", "description": ""},
    "fftw": {"version": "3.3.6-pl1", "website": "http://www.fftw.org/", "description": ""},
    "file": {"version": "5.24", "website": "https://www.darwinsys.com/file/", "description": ""},
    "flac": {"version": "1.3.1", "website": "https://www.xiph.org/flac/", "description": "FLAC"},
    "flann": {"version": "1.8.4", "website": "https://www.cs.ubc.ca/~mariusm/index.php/FLANN/FLANN", "description": "FLANN"},
    "fltk": {"version": "1.3.3", "website": "http://www.fltk.org/", "description": "FLTK"},
    "fontconfig": {"version": "2.12.6", "website": "https://fontconfig.org/", "description": ""},
    "freeglut": {"version": "3.0.0", "website": "https://freeglut.sourceforge.io/", "description": ""},
    "freeimage": {"version": "3.15.4", "website": "https://freeimage.sourceforge.io/", "description": "FreeImage"},
    "freetds": {"version": "1.00.80", "website": "http://www.freetds.org/", "description": "FreeTDS"},
    "freetype": {"version": "2.9", "website": "https://www.freetype.org/", "description": ""},
    "freetype-bootstrap": {"version": "2.9", "website": "https://www.freetype.org/", "description": "freetype (without harfbuzz)"},
    "freexl": {"version": "1.0.3", "website": "https://www.gaia-gis.it/fossil/freexl/index", "description": "FreeXL"},
    "fribidi": {"version": "0.19.6", "website": "https://fribidi.org/", "description": "FriBidi"},
    "ftgl": {"version": "2.1.3~rc5", "website": "https://sourceforge.net/projects/ftgl/", "description": ""},
    "gc": {"version": "7.4.6", "website": "https://github.com/ivmai/bdwgc", "description": ""},
    "gcc": {"version": "5.4.0", "website": "https://gcc.gnu.org/", "description": "GCC"},
    "gd": {"version": "2.1.0", "website": "https://libgd.github.io/", "description": "GD  (without support for xpm)"},
    "gdal": {"version": "2.2.3", "website": "http://www.gdal.org/", "description": "GDAL"},
    "gdb": {"version": "8.1", "website": "https://www.gnu.org/software/gdb/", "description": ""},
    "gdk-pixbuf": {"version": "2.32.3", "website": "https://gtk.org/", "description": "GDK-pixbuf"},
    "gendef": {"version": "5.0.3", "website": "https://sourceforge.net/p/mingw-w64/wiki2/gendef/", "description": ""},
    "geoip-database": {"version": "20150317-1", "website": "https://www.maxmind.com/", "description": "GeoIP Legacy Database"},
    "geos": {"version": "3.6.2", "website": "https://trac.osgeo.org/geos/", "description": "GEOS"},
    "gettext": {"version": "0.19.8.1", "website": "https://www.gnu.org/software/gettext/", "description": ""},
    "ghostscript": {"version": "9.19", "website": "https://www.ghostscript.com/", "description": ""},
    "giflib": {"version": "5.1.4", "website": "https://sourceforge.net/projects/libungif/", "description": ""},
    "glew": {"version": "1.12.0", "website": "https://glew.sourceforge.io/", "description": "GLEW"},
    "glfw2": {"version": "2.7.9", "website": "http://www.glfw.org/", "description": "GLFW 2.x"},
    "glfw3": {"version": "3.1.2", "website": "http://www.glfw.org/", "description": "GLFW 3.x"},
    "glib": {"version": "2.50.2", "website": "https://gtk.org/", "description": "GLib"},
    "glibmm": {"version": "2.42.0", "website": "https://www.gtkmm.org/", "description": "GLibmm"},
    "glm": {"version": "0.9.7.6", "website": "https://glm.g-truc.net/", "description": "GLM - OpenGL Mathematics"},
    "glpk": {"version": "4.60", "website": "https://www.gnu.org/software/glpk/", "description": "GNU Linear Programming Kit"},
    "gmp": {"version": "6.1.2", "website": "https://gmplib.org/", "description": "GMP"},
    "gnutls": {"version": "3.5.17", "website": "https://www.gnu.org/software/gnutls/", "description": "GnuTLS"},
    "googlemock": {"version": "1.7.0", "website": "https://github.com/google/googlemock", "description": "Google Mock"},
    "googletest": {"version": "1.7.0", "website": "https://github.com/google/googletest", "description": "Google Test"},
    "graphicsmagick": {"version": "1.3.21", "website": "http://www.graphicsmagick.org/", "description": "GraphicsMagick"},
    "gsl": {"version": "2.3", "website": "https://www.gnu.org/software/gsl/", "description": "GSL"},
    "gsoap": {"version": "2.8.22", "website": "https://www.genivia.com/dev.html", "description": "gSOAP"},
    "gst-libav": {"version": "1.12.3", "website": "https://gstreamer.freedesktop.org/modules/gst-libav.html", "description": ""},
    "gst-plugins-bad": {"version": "1.12.3", "website": "https://gstreamer.freedesktop.org/modules/gst-plugins-bad.html", "description": ""},
    "gst-plugins-base": {"version": "1.12.3", "website": "https://gstreamer.freedesktop.org/modules/gst-plugins-base.html", "description": ""},
    "gst-plugins-good": {"version": "1.12.3", "website": "https://gstreamer.freedesktop.org/modules/gst-plugins-good.html", "description": ""},
    "gst-plugins-ugly": {"version": "1.12.3", "website": "https://gstreamer.freedesktop.org/modules/gst-plugins-ugly.html", "description": ""},
    "gstreamer": {"version": "1.12.3", "website": "https://gstreamer.freedesktop.org/modules/gstreamer.html", "description": ""},
    "gta": {"version": "1.0.8", "website": "http://www.nongnu.org/gta/", "description": ""},
    "gtk2": {"version": "2.24.29", "website": "https://gtk.org/", "description": "GTK+"},
    "gtk3": {"version": "3.22.7", "website": "https://gtk.org/", "description": "GTK+"},
    "gtkglarea": {"version": "2.0.1", "website": "http://www.mono-project.com/GtkGLArea/", "description": "GtkGLArea"},
    "gtkglext": {"version": "1.2.0", "website": "https://gtkglext.sourceforge.io/", "description": "GtkGLExt"},
    "gtkglextmm": {"version": "1.2.0", "website": "https://gtkglext.sourceforge.io/", "description": "GtkGLExtmm"},
    "gtkimageview": {"version": "1.6.4", "website": "http://trac.bjourne.webfactional.com/", "description": "GtkImageView"},
    "gtkmm2": {"version": "2.24.4", "website": "https://www.gtkmm.org/", "description": "GTKMM"},
    "gtkmm3": {"version": "3.14.0", "website": "https://www.gtkmm.org/", "description": "GTKMM"},
    "gtksourceview": {"version": "2.10.5", "website": "https://projects.gnome.org/gtksourceview/", "description": "GTKSourceView"},
    "gtksourceviewmm2": {"version": "2.10.3", "website": "https://projects.gnome.org/gtksourceview/", "description": "GtkSourceViewmm"},
    "guile": {"version": "1.8.8", "website": "https://www.gnu.org/software/guile/", "description": "GNU Guile"},
    "gumbo": {"version": "0.10.1", "website": "https://github.com/google/gumbo-parser", "description": "Gumbo, an HTML5 parsing library"},
    "hamlib": {"version": "3.1", "website": "http://www.hamlib.org/", "description": "HamLib"},
    "harfbuzz": {"version": "1.7.5", "website": "https://wiki.freedesktop.org/www/Software/HarfBuzz/", "description": "HarfBuzz"},
    "hdf-eos2": {"version": "19v1.00", "website": "http://hdfeos.org/software/library.php", "description": "HDF-EOS2"},
    "hdf-eos5": {"version": "1.15", "website": "https://hdfeos.org/software/library.php", "description": "HDF-EOS5"},
    "hdf4": {"version": "4.2.10", "website": "https://www.hdfgroup.org/hdf4/", "description": "HDF4"},
    "hdf5": {"version": "1.8.12", "website": "https://www.hdfgroup.org/hdf5/", "description": "HDF5"},
    "hunspell": {"version": "1.6.1", "website": "https://hunspell.github.io/", "description": "Hunspell"},
    "hyperscan": {"version": "4.3.2", "website": "https://01.org/hyperscan", "description": "Hyperscan"},
    "icu4c": {"version": "56.1", "website": "http://site.icu-project.org/", "description": "ICU4C"},
    "id3lib": {"version": "3.8.3", "website": "https://id3lib.sourceforge.io/", "description": ""},
    "ilmbase": {"version": "2.2.0", "website": "http://www.openexr.com/", "description": "IlmBase"},
    "imagemagick": {"version": "6.9.0-0", "website": "https://www.imagemagick.org/", "description": "ImageMagick"},
    "intel-tbb": {"version": "c28c8be", "website": "https://www.threadingbuildingblocks.org", "description": "Intel Threading Building Blocks"},
    "isl": {"version": "0.15", "website": "http://isl.gforge.inria.fr/", "description": "Integer Set Library"},
    "itk": {"version": "4.10.1", "website": "https://www.itk.org/", "description": "Insight Segmentation and Registration Toolkit (ITK)"},
    "itpp": {"version": "4.3.1", "website": "http://itpp.sourceforge.net", "description": ""},
    "jack": {"version": "1.9.10", "website": "http://jackaudio.org/", "description": "JACK Audio Connection Kit"},
    "jansson": {"version": "2.7", "website": "http://www.digip.org/jansson/", "description": "Jansson"},
    "jasper": {"version": "2.0.14", "website": "https://www.ece.uvic.ca/~mdadams/jasper/", "description": "JasPer"},
    "jpeg": {"version": "9c", "website": "http://www.ijg.org/", "description": ""},
    "json-c": {"version": "0.12.1", "website": "https://github.com/json-c/json-c/wiki", "description": ""},
    "json-glib": {"version": "1.0.4", "website": "https://wiki.gnome.org/action/show/Projects/JsonGlib", "description": "JSON-Glib"},
    "json_spirit": {"version": "4.08", "website": "https://www.codeproject.com/Articles/20027/JSON-Spirit-A-C-JSON-Parser-Generator-Implemented", "description": ""},
    "jsoncpp": {"version": "1.8.0", "website": "https://github.com/open-source-parsers/jsoncpp", "description": "A C++ library for interacting with JSON"},
    "lame": {"version": "3.99.5", "website": "https://lame.sourceforge.io/", "description": ""},
    "lapack": {"version": "3.6.0", "website": "http://www.netlib.org/lapack/", "description": ""},
    "lcms": {"version": "2.9", "website": "http://www.littlecms.com/", "description": ""},
    "lcms1": {"version": "1.19", "website": "http://www.littlecms.com/", "description": ""},
    "lensfun": {"version": "0.3.2", "website": "https://lensfun.sourceforge.io/", "description": ""},
    "levmar": {"version": "2.6", "website": "https://www.ics.forth.gr/~lourakis/levmar", "description": ""},
    "libaacs": {"version": "0.8.1", "website": "https://www.videolan.org/developers/libaacs.html", "description": ""},
    "libao": {"version": "1.2.2", "website": "https://www.xiph.org/libao/", "description": "AO"},
    "libarchive": {"version": "3.3.2", "website": "https://www.libarchive.org/", "description": "Libarchive"},
    "libass": {"version": "0.14.0", "website": "https://code.google.com/p/libass/", "description": ""},
    "libatomic_ops": {"version": "7.4.8", "website": "https://github.com/ivmai/libatomic_ops", "description": "The atomic_ops project (Atomic memory update operations portable implementation)"},
    "libbluray": {"version": "0.9.2", "website": "https://www.videolan.org/developers/libbluray.html", "description": ""},
    "libbs2b": {"version": "3.1.0", "website": "https://bs2b.sourceforge.io/", "description": "Bauer Stereophonic-to-Binaural library"},
    "libcaca": {"version": "0.99.beta19", "website": "http://caca.zoy.org/wiki/libcaca", "description": ""},
    "libcddb": {"version": "1.3.2", "website": "https://sourceforge.net/projects/libcddb/", "description": "Access data on a CDDB"},
    "libcdio": {"version": "0.93", "website": "https://www.gnu.org/software/libcdio/", "description": "Libcdio"},
    "libcdio-paranoia": {"version": "10.2+0.93+1", "website": "https://www.gnu.org/software/libcdio/", "description": "Libcdio-paranoia"},
    "libcomm14cux": {"version": "2.1.1", "website": "https://github.com/colinbourassa/libcomm14cux/", "description": ""},
    "libcroco": {"version": "0.6.2", "website": "http://www.linuxfromscratch.org/blfs/view/svn/general/libcroco.html", "description": "Libcroco"},
    "libdnet": {"version": "1.11", "website": "https://libdnet.sourceforge.io/", "description": ""},
    "libdvbpsi": {"version": "1.2.0", "website": "https://www.videolan.org/developers/libdvbpsi.html", "description": ""},
    "libdvdcss": {"version": "1.3.0", "website": "https://www.videolan.org/developers/libdvdcss.html", "description": ""},
    "libdvdetect": {"version": "0.71.0", "website": "https://www.dvdetect.de/", "description": "Fast database lookup for DVDs"},
    "libdvdnav": {"version": "5.0.1", "website": "https://dvdnav.mplayerhq.hu/", "description": ""},
    "libdvdread": {"version": "5.0.0", "website": "https://dvdnav.mplayerhq.hu/", "description": ""},
    "libechonest": {"version": "2.3.1", "website": "https://github.com/lfranchi/libechonest", "description": ""},
    "libepoxy": {"version": "1.3.1", "website": "https://github.com/anholt/libepoxy", "description": ""},
    "libevent": {"version": "2.0.21", "website": "http://libevent.org/", "description": ""},
    "libf2c": {"version": "1", "website": "http://www.netlib.org/f2c/", "description": ""},
    "libffi": {"version": "3.2.1", "website": "https://sourceware.org/libffi/", "description": ""},
    "libftdi": {"version": "0.20", "website": "https://www.intra2net.com/en/developer/libftdi/index.php", "description": "LibFTDI"},
    "libftdi1": {"version": "1.2", "website": "https://www.intra2net.com/en/developer/libftdi/index.php", "description": "LibFTDI1"},
    "libgcrypt": {"version": "1.8.2", "website": "https://directory.fsf.org/wiki/Libgcrypt", "description": ""},
    "libgda": {"version": "4.2.13", "website": "http://www.gnome-db.org/", "description": ""},
    "libgdamm": {"version": "4.1.3", "website": "https://launchpad.net/libgdamm", "description": ""},
    "libgee": {"version": "0.5.0", "website": "https://wiki.gnome.org/Projects/Libgee", "description": ""},
    "libgeotiff": {"version": "1.4.2", "website": "https://trac.osgeo.org/geotiff/", "description": "GeoTiff"},
    "libgit2": {"version": "0.23.2", "website": "https://libgit2.github.com/", "description": ""},
    "libglade": {"version": "2.6.4", "website": "https://glade.gnome.org/", "description": "glade"},
    "libgnurx": {"version": "2.6.1", "website": "https://sourceforge.net/projects/mingw/files/UserContributed/regex/", "description": ""},
    "libgpg_error": {"version": "1.27", "website": "https://www.gnupg.org/related_software/libgpg-error/", "description": "libgpg-error"},
    "libgsasl": {"version": "1.8.0", "website": "https://www.gnu.org/software/gsasl/", "description": "Libgsasl"},
    "libgsf": {"version": "1.14.30", "website": "https://developer.gnome.org/gsf/", "description": ""},
    "libharu": {"version": "2.3.0", "website": "http://libharu.org/", "description": ""},
    "libiberty": {"version": "2.28", "website": "https://gcc.gnu.org/onlinedocs/libiberty/", "description": ""},
    "libical": {"version": "2.0.0", "website": "https://freeassociation.sourceforge.io/", "description": ""},
    "libiconv": {"version": "1.15", "website": "https://www.gnu.org/software/libiconv/", "description": ""},
    "libid3tag": {"version": "0.15.1b", "website": "https://sourceforge.net/projects/mad/files/libid3tag/", "description": ""},
    "libidn": {"version": "1.33", "website": "https://www.gnu.org/software/libidn/", "description": "Libidn"},
    "libidn2": {"version": "2.0.2", "website": "https://www.gnu.org/software/libidn/#libidn2", "description": "implementation of IDNA2008/TR46 internationalized domain names"},
    "libieee1284": {"version": "0.2.11", "website": "http://cyberelk.net/tim/software/libieee1284/", "description": ""},
    "libircclient": {"version": "1.8", "website": "https://sourceforge.net/projects/libircclient/", "description": ""},
    "libjpeg-turbo": {"version": "1.5.3", "website": "http://libjpeg-turbo.virtualgl.org/", "description": ""},
    "liblastfm": {"version": "1.0.9", "website": "https://github.com/lastfm/liblastfm", "description": "A Qt C++ library for the Last.fm webservices"},
    "liblastfm_qt4": {"version": "1.0.9", "website": "https://github.com/lastfm/liblastfm", "description": "A Qt C++ library for the Last.fm webservices"},
    "liblaxjson": {"version": "1.0.5", "website": "https://github.com/andrewrk/liblaxjson", "description": ""},
    "liblo": {"version": "0.28", "website": "https://liblo.sourceforge.io/", "description": ""},
    "liblqr-1": {"version": "0.4.2", "website": "https://liblqr.wikidot.com/", "description": ""},
    "liblsmash": {"version": "2.9.1", "website": "https://l-smash.github.io/l-smash/", "description": "L-SMASH"},
    "libltdl": {"version": "2.4.4", "website": "https://www.gnu.org/software/libtool/manual/html_node/Using-libltdl.html", "description": "GNU Libtool Library (libltdl)"},
    "libmad": {"version": "0.15.1b", "website": "http://www.underbit.com/products/mad/", "description": ""},
    "libmicrohttpd": {"version": "0.9.38", "website": "https://www.gnu.org/software/libmicrohttpd/", "description": "GNU Libmicrohttpd"},
    "libmikmod": {"version": "3.3.7", "website": "http://mikmod.raphnet.net/", "description": "libMikMod"},
    "libmms": {"version": "0.6.4", "website": "https://sourceforge.net/projects/libmms/", "description": "a library for downloading (streaming) media files using the mmst and mmsh protocols"},
    "libmng": {"version": "2.0.3", "website": "https://www.libmng.com/", "description": ""},
    "libmodplug": {"version": "0.8.8.4", "website": "https://modplug-xmms.sourceforge.io/", "description": ""},
    "libmpcdec": {"version": "1.2.6", "website": "https://www.musepack.net/", "description": ""},
    "libmysqlclient": {"version": "6.1.6", "website": "https://dev.mysql.com/downloads/connector/c/", "description": ""},
    "libnice": {"version": "0.1.13", "website": "https://nice.freedesktop.org/wiki/", "description": ""},
    "libntlm": {"version": "1.4", "website": "http://www.nongnu.org/libntlm/", "description": "Libntlm"},
    "liboauth": {"version": "1.0.3", "website": "https://liboauth.sourceforge.io/", "description": ""},
    "libodbc++": {"version": "0.2.5", "website": "https://libodbcxx.sourceforge.io/", "description": ""},
    "liboil": {"version": "0.3.17", "website": "https://liboil.freedesktop.org/", "description": ""},
    "libomemo": {"version": "0.6.1", "website": "https://github.com/gkdr/libomemo", "description": "Implementation of OMEMO in C"},
    "libotr": {"version": "4.1.1", "website": "https://otr.cypherpunks.ca/", "description": "Off-the-Record Messaging"},
    "libpano13": {"version": "2.9.18", "website": "https://panotools.sourceforge.io/", "description": ""},
    "libpaper": {"version": "1.1.24+nmu4", "website": "https://packages.debian.org/unstable/libpaper1", "description": ""},
    "libplist": {"version": "1.12", "website": "https://github.com/libimobiledevice/libplist", "description": ""},
    "libpng": {"version": "1.6.34", "website": "http://www.libpng.org/", "description": ""},
    "libqrencode": {"version": "4.0.0", "website": "https://fukuchi.org/works/qrencode/", "description": "a fast and compact QR Code encoding library"},
    "librosco": {"version": "0.1.11", "website": "https://github.com/colinbourassa/librosco/", "description": ""},
    "librsvg": {"version": "2.40.5", "website": "https://librsvg.sourceforge.io/", "description": ""},
    "librtmp": {"version": "a107cef", "website": "https://rtmpdump.mplayerhq.hu/", "description": ""},
    "libsamplerate": {"version": "0.1.9", "website": "http://www.mega-nerd.com/SRC/", "description": ""},
    "libserialport": {"version": "0.1.1", "website": "https://sigrok.org/wiki/Libserialport", "description": "libserialport"},
    "libshout": {"version": "2.4.1", "website": "http://www.icecast.org/", "description": ""},
    "libsigc++": {"version": "2.4.0", "website": "https://libsigc.sourceforge.io/", "description": ""},
    "libsigrok": {"version": "0.5.0", "website": "https://www.sigrok.org/wiki/Libsigrok", "description": "libsigrok"},
    "libsndfile": {"version": "1.0.28", "website": "http://www.mega-nerd.com/libsndfile/", "description": ""},
    "libsodium": {"version": "1.0.15", "website": "https://download.libsodium.org/doc/", "description": ""},
    "libsoup": {"version": "2.57.1", "website": "https://github.com/GNOME/libsoup", "description": "HTTP client/server library for GNOME"},
    "libspatialindex": {"version": "1.8.5", "website": "https://libspatialindex.github.io/", "description": "libspatialindex"},
    "libspectre": {"version": "0.2.8", "website": "https://libspectre.freedesktop.org/", "description": ""},
    "libssh": {"version": "0.7.5", "website": "https://www.libssh.org", "description": "SSHv2 and SSHv1 protocol on client and server side"},
    "libssh2": {"version": "1.8.0", "website": "https://libssh2.org/", "description": ""},
    "libsvm": {"version": "3.22", "website": "https://www.csie.ntu.edu.tw/~cjlin/libsvm", "description": ""},
    "libtool": {"version": "2.4.4", "website": "https://www.gnu.org/software/libtool/", "description": "GNU Libtool"},
    "libtorrent-rasterbar": {"version": "1.1.0", "website": "http://www.rasterbar.com/products/libtorrent/", "description": ""},
    "libunistring": {"version": "0.9.7", "website": "https://www.gnu.org/software/libunistring/", "description": ""},
    "libusb": {"version": "1.2.6.0", "website": "https://libusb-win32.sourceforge.io/", "description": "LibUsb"},
    "libusb1": {"version": "1.0.21", "website": "http://libusb.org/", "description": "LibUsb-1.0"},
    "libuv": {"version": "1.9.1", "website": "http://libuv.org/", "description": ""},
    "libvpx": {"version": "1.5.0", "website": "https://code.google.com/p/webm/", "description": "vpx"},
    "libwebp": {"version": "0.4.4", "website": "https://developers.google.com/speed/webp/", "description": ""},
    "libwebsockets": {"version": "1.4-chrome43-firefox-36", "website": "https://libwebsockets.org/", "description": ""},
    "libxml++": {"version": "2.40.1", "website": "https://libxmlplusplus.sourceforge.io/", "description": "libxml2"},
    "libxml2": {"version": "2.9.4", "website": "http://www.xmlsoft.org/", "description": ""},
    "libxslt": {"version": "1.1.29", "website": "http://xmlsoft.org/XSLT/", "description": ""},
    "libzip": {"version": "1.1.3", "website": "https://www.nih.at/libzip/", "description": ""},
    "llvm": {"version": "3.4", "website": "https://llvm.org/", "description": ""},
    "log4cxx": {"version": "0.10.0", "website": "https://logging.apache.org/log4cxx/", "description": ""},
    "lua": {"version": "5.3.3", "website": "https://www.lua.org/", "description": "Lua"},
    "luabind": {"version": "0.9.1", "website": "http://www.rasterbar.com/products/luabind.html", "description": "Luabind"},
    "luajit": {"version": "2.0.4", "website": "https://luajit.org/luajit.html", "description": "LuaJIT"},
    "lz4": {"version": "1.8.0", "website": "https://github.com/lz4/lz4", "description": "lossless compression algorithm optimized for speed"},
    "lzma": {"version": "1801", "website": "http://www.7-zip.org/sdk.html", "description": "LZMA SDK"},
    "lzo": {"version": "2.09", "website": "https://www.oberhumer.com/opensource/lzo/", "description": ""},
    "matio": {"version": "1.5.2", "website": "https://sourceforge.net/projects/matio/", "description": ""},
    "mdbtools": {"version": "0.7.1", "website": "https://sourceforge.net/projects/mdbtools/", "description": ""},
    "metis": {"version": "5.1.0", "website": "glaros.dtc.umn.edu", "description": "metis"},
    "mingw-w64": {"version": "5.0.3", "website": "https://mingw-w64.sourceforge.io/", "description": "MinGW-w64 Runtime"},
    "miniupnpc": {"version": "1.9", "website": "http://miniupnp.free.fr/", "description": ""},
    "minizip": {"version": "0b46a2b", "website": "http://www.winimage.com/zLibDll/minizip.html", "description": ""},
    "mman-win32": {"version": "b7ec370", "website": "https://code.google.com/p/mman-win32/", "description": "MMA-Win32"},
    "mpc": {"version": "1.0.2", "website": "http://www.multiprecision.org/", "description": "GNU MPC"},
    "mpfr": {"version": "3.1.5", "website": "http://www.mpfr.org/", "description": ""},
    "mpg123": {"version": "1.22.4", "website": "https://www.mpg123.de/", "description": ""},
    "muparser": {"version": "2.2.5", "website": "http://muparser.beltoforion.de/", "description": "muParser"},
    "muparserx": {"version": "4.0.4", "website": "http://muparserx.beltoforion.de/", "description": "muParserX"},
    "mxe-conf": {"version": "1", "website": "", "description": ""},
    "mxml": {"version": "2.11", "website": "https://michaelrsweet.github.io/mxml/", "description": "Mini-XML"},
    "nasm": {"version": "2.13.01", "website": "http://www.nasm.us/", "description": "NASM - The Netwide Assembler"},
    "ncurses": {"version": "e14300b", "website": "https://www.gnu.org/software/ncurses/", "description": "Ncurses"},
    "neon": {"version": "0.30.2", "website": "http://webdav.org/neon/", "description": "HTTP and WebDAV client library (libneon)"},
    "netcdf": {"version": "4.3.0", "website": "https://www.unidata.ucar.edu/software/netcdf/", "description": "NetCDF"},
    "netpbm": {"version": "10.35.96", "website": "https://netpbm.sourceforge.io/", "description": "Netpbm"},
    "nettle": {"version": "3.4", "website": "https://www.lysator.liu.se/~nisse/nettle/", "description": ""},
    "nlopt": {"version": "2.4.2", "website": "http://ab-initio.mit.edu/wiki/index.php/NLopt", "description": "NLopt"},
    "nsis": {"version": "3.01", "website": "https://nsis.sourceforge.io/", "description": "NSIS"},
    "ocaml-cairo": {"version": "1.2.0", "website": "https://cairographics.org/cairo-ocaml/", "description": "cairo-ocaml"},
    "ocaml-camlimages": {"version": "4.0.1", "website": "http://gallium.inria.fr/camlimages", "description": "camlimages"},
    "ocaml-core": {"version": "4.00.1", "website": "https://caml.inria.fr/", "description": "ocaml"},
    "ocaml-findlib": {"version": "1.4", "website": "http://download.camlcity.org/", "description": "findlib"},
    "ocaml-flexdll": {"version": "0.31", "website": "http://alain.frisch.fr/", "description": "flexdll"},
    "ocaml-lablgl": {"version": "1.05", "website": "http://wwwfun.kurims.kyoto-u.ac.jp/soft/lsl/lablgl.html", "description": "lablgl"},
    "ocaml-lablgtk2": {"version": "2.16.0", "website": "https://forge.ocamlcore.org/", "description": "lablgtk2"},
    "ocaml-native": {"version": "4.00.1", "website": "https://caml.inria.fr/", "description": "ocaml"},
    "ocaml-xml-light": {"version": "2.2", "website": "http://tech.motion-twin.com/xmllight.html", "description": "xml-light"},
    "oce": {"version": "0.18.2", "website": "https://github.com/tpaviot/oce", "description": "Open CASCADE Community Edition"},
    "ogg": {"version": "1.3.2", "website": "https://www.xiph.org/ogg/", "description": "OGG"},
    "old": {"version": "0.17", "website": "https://blitiri.com.ar/p/old/", "description": ""},
    "openal": {"version": "1.16.0", "website": "http://kcat.strangesoft.net/openal.html", "description": ""},
    "openblas": {"version": "0.2.20", "website": "http://www.openblas.net/", "description": "OpenBLAS"},
    "opencore-amr": {"version": "0.1.3", "website": "https://opencore-amr.sourceforge.io/", "description": ""},
    "opencsg": {"version": "1.4.1", "website": "http://www.opencsg.org/", "description": ""},
    "opencv": {"version": "3.3.0", "website": "https://opencv.org/", "description": "OpenCV"},
    "openexr": {"version": "2.2.0", "website": "http://www.openexr.com/", "description": "OpenEXR"},
    "openjpeg": {"version": "2.3.0", "website": "http://www.openjpeg.org/", "description": "OpenJPEG"},
    "openmp-validation": {"version": "ff8cf0c", "website": "https://github.com/uhhpctools/omp-validation", "description": "OpenMP Validation Suite"},
    "openscenegraph": {"version": "3.4.1", "website": "http://www.openscenegraph.org/", "description": "OpenSceneGraph"},
    "openssl": {"version": "1.0.2n", "website": "https://www.openssl.org/", "description": ""},
    "openthreads": {"version": "3.4.1", "website": "http://www.openscenegraph.org/", "description": "OpenThreads"},
    "opus": {"version": "1.1.1", "website": "https://opus-codec.org/", "description": ""},
    "opusfile": {"version": "0.6", "website": "https://opus-codec.org/", "description": ""},
    "ossim": {"version": "43a071a", "website": "https://trac.osgeo.org/ossim", "description": "OSSIM"},
    "pango": {"version": "1.37.4", "website": "http://www.pango.org/", "description": "Pango"},
    "pangomm": {"version": "2.34.0", "website": "http://www.pango.org/", "description": "Pangomm"},
    "pcl": {"version": "1.8.0", "website": "http://www.pointclouds.org/", "description": "PCL (Point Cloud Library)"},
    "pcre": {"version": "8.41", "website": "https://www.pcre.org/", "description": "PCRE"},
    "pcre2": {"version": "10.30", "website": "https://www.pcre.org/", "description": "PCRE2"},
    "pdcurses": {"version": "3.4", "website": "https://pdcurses.sourceforge.io/", "description": "PDcurses"},
    "pdflib_lite": {"version": "7.0.5p3", "website": "https://www.pdflib.com/download/free-software/pdflib-lite-7/", "description": "PDFlib Lite"},
    "pfstools": {"version": "2.0.4", "website": "https://pfstools.sourceforge.io/", "description": ""},
    "physfs": {"version": "2.0.3", "website": "https://icculus.org/physfs/", "description": ""},
    "picomodel": {"version": "1142ad8", "website": "https://code.google.com/p/picomodel/", "description": ""},
    "pire": {"version": "0.0.5", "website": "https://github.com/yandex/pire", "description": "PIRE"},
    "pixman": {"version": "0.33.6", "website": "https://cairographics.org/", "description": ""},
    "pkgconf": {"version": "da179fd", "website": "https://github.com/pkgconf/pkgconf", "description": ""},
    "plib": {"version": "1.8.5-rc1", "website": "https://plib.sourceforge.io/", "description": "Plib"},
    "plibc": {"version": "cd7ed09", "website": "https://plibc.sourceforge.io/", "description": "Plibc"},
    "plotmm": {"version": "0.1.2", "website": "https://plotmm.sourceforge.io/", "description": "PlotMM"},
    "plotutils": {"version": "2.6", "website": "https://www.gnu.org/software/plotutils/", "description": ""},
    "poco": {"version": "1.4.7p1", "website": "https://pocoproject.org/", "description": "POCO C++ Libraries"},
    "polarssl": {"version": "1.3.9", "website": "https://tls.mbed.org/", "description": "Polar SSL Library"},
    "poppler": {"version": "0.51.0", "website": "https://poppler.freedesktop.org/", "description": ""},
    "popt": {"version": "1.16", "website": "http://freshmeat.net/projects/popt/", "description": ""},
    "portablexdr": {"version": "4.9.1", "website": "https://people.redhat.com/~rjones/portablexdr/", "description": "PortableXDR"},
    "portaudio": {"version": "190600_20161030", "website": "http://www.portaudio.com/", "description": ""},
    "portmidi": {"version": "217", "website": "https://portmedia.sourceforge.io/portmidi/", "description": ""},
    "postgresql": {"version": "9.2.4", "website": "https://www.postgresql.org/", "description": "PostgreSQL"},
    "primesieve": {"version": "5.5.0", "website": "http://primesieve.org/", "description": "Primesieve"},
    "proj": {"version": "4.9.3", "website": "https://trac.osgeo.org/proj/", "description": ""},
    "protobuf": {"version": "3.4.0", "website": "https://github.com/google/protobuf", "description": ""},
    "pthreads": {"version": "POSIX 1003.1-2001", "website": "https://en.wikipedia.org/wiki/POSIX_Threads", "description": "POSIX Threads"},
    "pugixml": {"version": "1.8", "website": "https://pugixml.org/", "description": "Light-weight, simple, and fast XML parser for C++ with XPath support"},
    "qca": {"version": "2.1.3", "website": "https://userbase.kde.org/QCA", "description": "Qt Cryptographic Architecture"},
    "qdbm": {"version": "1.8.78", "website": "http://fallabs.com/qdbm/", "description": "QDBM"},
    "qhttpengine": {"version": "0.1.0", "website": "https://github.com/nitroshare/qhttpengine", "description": ""},
    "qjson": {"version": "0.8.1", "website": "https://qjson.sourceforge.io/", "description": "QJson"},
    "qscintilla2": {"version": "2.10.1", "website": "https://www.riverbankcomputing.com/software/qscintilla/intro", "description": "QScintilla2"},
    "qt": {"version": "4.8.7", "website": "https://www.qt.io/", "description": "Qt"},
    "qt3d": {"version": "5.10.0", "website": "https://www.qt.io/", "description": "Qt"},
    "qt5": {"version": "5.10.0", "website": "https://www.qt.io/", "description": "Qt"},
    "qtactiveqt": {"version": "5.10.0", "website": "https://www.qt.io/", "description": "Qt"},
    "qtbase": {"version": "5.10.0", "website": "https://www.qt.io/", "description": "Qt"},
    "qtcanvas3d": {"version": "5.10.0", "website": "https://www.qt.io/", "description": "Qt"},
    "qtcharts": {"version": "5.10.0", "website": "https://www.qt.io/", "description": "Qt"},
    "qtconnectivity": {"version": "5.10.0", "website": "https://www.qt.io/", "description": "Qt"},
    "qtdatavis3d": {"version": "5.10.0", "website": "https://www.qt.io/", "description": "Qt"},
    "qtdeclarative": {"version": "5.10.0", "website": "https://www.qt.io/", "description": "Qt"},
    "qtgamepad": {"version": "5.10.0", "website": "https://www.qt.io/", "description": "Qt"},
    "qtgraphicaleffects": {"version": "5.10.0", "website": "https://www.qt.io/", "description": "Qt"},
    "qtimageformats": {"version": "5.10.0", "website": "https://www.qt.io/", "description": "Qt"},
    "qtkeychain": {"version": "0.8.0", "website": "https://github.com/frankosterfeld/qtkeychain", "description": "QtKeychain"},
    "qtlocation": {"version": "5.10.0", "website": "https://www.qt.io/", "description": "Qt"},
    "qtmultimedia": {"version": "5.10.0", "website": "https://www.qt.io/", "description": "Qt"},
    "qtofficeopenxml": {"version": "02dda4a46f92a843eaba5f5a021952860eadfe01", "website": "https://github.com/dbzhang800/QtOfficeOpenXml/", "description": "QtOfficeOpenXml"},
    "qtpurchasing": {"version": "5.10.0", "website": "https://www.qt.io/", "description": "Qt"},
    "qtquickcontrols": {"version": "5.10.0", "website": "https://www.qt.io/", "description": "Qt"},
    "qtquickcontrols2": {"version": "5.10.0", "website": "https://www.qt.io/", "description": "Qt"},
    "qtscript": {"version": "5.10.0", "website": "https://www.qt.io/", "description": "Qt"},
    "qtscxml": {"version": "5.10.0", "website": "https://www.qt.io/", "description": "Qt"},
    "qtsensors": {"version": "5.10.0", "website": "https://www.qt.io/", "description": "Qt"},
    "qtserialbus": {"version": "5.10.0", "website": "https://www.qt.io/", "description": "Qt"},
    "qtserialport": {"version": "5.10.0", "website": "https://www.qt.io/", "description": "Qt"},
    "qtserialport_qt4": {"version": "5c3b6cc", "website": "https://www.qt.io/", "description": "Qt"},
    "qtservice": {"version": "ee17851", "website": "https://qt.gitorious.org/qt-solutions/", "description": "Qt Solutions"},
    "qtsparkle": {"version": "4c852e57061d7928573afdf88f04f89d85167477", "website": "https://github.com/davidsansome/qtsparkle", "description": "Qt auto-updater lib"},
    "qtsparkle_qt4": {"version": "4c852e57061d7928573afdf88f04f89d85167477", "website": "https://github.com/davidsansome/qtsparkle", "description": "Qt auto-updater lib"},
    "qtspeech": {"version": "5.10.0", "website": "https://www.qt.io/", "description": "Qt"},
    "qtsvg": {"version": "5.10.0", "website": "https://www.qt.io/", "description": "Qt"},
    "qtsystems": {"version": "4e3a7ed", "website": "https://www.qt.io/", "description": "Qt"},
    "qttools": {"version": "5.10.0", "website": "https://www.qt.io/", "description": "Qt"},
    "qttranslations": {"version": "5.10.0", "website": "https://www.qt.io/", "description": "Qt"},
    "qtvirtualkeyboard": {"version": "5.10.0", "website": "https://www.qt.io/", "description": "Qt"},
    "qtwebchannel": {"version": "5.10.0", "website": "https://www.qt.io/", "description": "Qt"},
    "qtwebkit": {"version": "5.9.1", "website": "https://www.qt.io/", "description": "Qt"},
    "qtwebsockets": {"version": "5.10.0", "website": "https://www.qt.io/", "description": "Qt"},
    "qtwebview": {"version": "5.10.0", "website": "https://www.qt.io/", "description": "Qt"},
    "qtwinextras": {"version": "5.10.0", "website": "https://www.qt.io/", "description": "Qt"},
    "qtxlsxwriter": {"version": "6895d8ba6c3a80768c98539445b124654801e8dd", "website": "https://github.com/dbzhang800/QtXlsxWriter/", "description": "QtXlsxWriter"},
    "qtxmlpatterns": {"version": "5.10.0", "website": "https://www.qt.io/", "description": "Qt"},
    "quazip": {"version": "0.7.3", "website": "https://sourceforge.net/projects/quazip/", "description": ""},
    "qwt": {"version": "6.1.3", "website": "https://qwt.sourceforge.io/", "description": "Qwt"},
    "qwtplot3d": {"version": "0.2.7", "website": "https://qwtplot3d.sourceforge.io/", "description": "QwtPlot3D"},
    "ragel": {"version": "6.9", "website": "https://www.colm.net/open-source/ragel/", "description": "Ragel"},
    "readline": {"version": "6.3", "website": "https://tiswww.case.edu/php/chet/readline/rltop.html", "description": "Readline"},
    "rubberband": {"version": "1.8.1", "website": "http://breakfastquay.com/rubberband/", "description": "Rubberband"},
    "rucksack": {"version": "3.1.0", "website": "https://github.com/andrewrk/rucksack", "description": ""},
    "sdl": {"version": "1.2.15", "website": "https://www.libsdl.org/", "description": "SDL"},
    "sdl2": {"version": "2.0.7", "website": "https://www.libsdl.org/", "description": "SDL2"},
    "sdl2_gfx": {"version": "1.0.3", "website": "http://www.ferzkopp.net/joomla/content/view/19/14/", "description": "SDL2_gfx"},
    "sdl2_image": {"version": "2.0.1", "website": "https://www.libsdl.org/", "description": "SDL2_image"},
    "sdl2_mixer": {"version": "2.0.2", "website": "https://www.libsdl.org/", "description": "SDL2_mixer"},
    "sdl2_net": {"version": "2.0.0", "website": "https://www.libsdl.org/", "description": ""},
    "sdl2_ttf": {"version": "2.0.14", "website": "https://www.libsdl.org/", "description": "SDL2_ttf"},
    "sdl_gfx": {"version": "2.0.25", "website": "http://www.ferzkopp.net/joomla/content/view/19/14/", "description": "SDL_gfx"},
    "sdl_image": {"version": "1.2.12", "website": "https://www.libsdl.org/projects/SDL_image/", "description": "SDL_image"},
    "sdl_mixer": {"version": "1.2.12", "website": "https://www.libsdl.org/projects/SDL_mixer/", "description": "SDL_mixer"},
    "sdl_net": {"version": "1.2.8", "website": "https://www.libsdl.org/projects/SDL_net/", "description": "SDL_net"},
    "sdl_pango": {"version": "0.1.2", "website": "https://sdlpango.sourceforge.io/", "description": "SDL_Pango"},
    "sdl_rwhttp": {"version": "0.2.0", "website": "https://github.com/mgerhardy/SDL_rwhttp/", "description": "SDL_rwhttp"},
    "sdl_sound": {"version": "1.0.3", "website": "https://icculus.org/SDL_sound/", "description": "SDL_sound"},
    "sdl_ttf": {"version": "2.0.11", "website": "https://www.libsdl.org/projects/SDL_ttf/", "description": "SDL_ttf"},
    "sfml": {"version": "2.4.2", "website": "https://www.sfml-dev.org/", "description": "SFML"},
    "smpeg": {"version": "0.4.5+cvs20030824", "website": "https://icculus.org/smpeg/", "description": ""},
    "smpeg2": {"version": "2.0.0", "website": "https://icculus.org/smpeg/", "description": "smpeg"},
    "sox": {"version": "14.4.2", "website": "https://sox.sourceforge.io/", "description": "SoX"},
    "sparsehash": {"version": "2.0.3", "website": "https://github.com/sparsehash/sparsehash", "description": ""},
    "spatialite": {"version": "4.4.0-RC1", "website": "https://www.gaia-gis.it/fossil/libspatialite/index", "description": "SpatiaLite"},
    "speex": {"version": "1.2rc2", "website": "https://speex.org/", "description": "Speex"},
    "speexdsp": {"version": "1.2rc3", "website": "https://speex.org/", "description": "SpeexDSP"},
    "sqlcipher": {"version": "3.4.1", "website": "https://www.zetetic.net/sqlcipher/", "description": "SQLite extension that provides 256 bit AES encryption of database files"},
    "sqlite": {"version": "3220000", "website": "https://www.sqlite.org/", "description": "SQLite"},
    "subversion": {"version": "1.9.4", "website": "https://subversion.apache.org/", "description": ""},
    "suitesparse": {"version": "4.5.6", "website": "http://faculty.cse.tamu.edu/davis/suitesparse.html", "description": "SuiteSparse"},
    "t4k_common": {"version": "0.1.1", "website": "https://tux4kids.alioth.debian.org/", "description": ""},
    "taglib": {"version": "1.10", "website": "https://developer.kde.org/~wheeler/taglib.html", "description": "TagLib"},
    "tcl": {"version": "8.6.4", "website": "https://tcl.tk/", "description": ""},
    "tclap": {"version": "1.2.1", "website": "https://tclap.sourceforge.io/", "description": ""},
    "teem": {"version": "1.11.0", "website": "https://teem.sourceforge.io/", "description": "Teem"},
    "termcap": {"version": "1.3.1", "website": "https://www.gnu.org/software/termutils/", "description": "Termcap"},
    "theora": {"version": "1.1.1", "website": "https://theora.org/", "description": "Theora"},
    "tidy-html5": {"version": "5.4.0", "website": "http://www.html-tidy.org/", "description": "HTML/XML syntax checker and reformatter"},
    "tiff": {"version": "4.0.9", "website": "http://simplesystems.org/libtiff/", "description": "LibTIFF"},
    "tinyxml": {"version": "2.6.2", "website": "https://sourceforge.net/projects/tinyxml/", "description": ""},
    "tinyxml2": {"version": "4.0.1", "website": "http://grinninglizard.com/tinyxml2/", "description": ""},
    "tre": {"version": "0.8.0", "website": "https://laurikari.net/tre/", "description": "TRE"},
    "twolame": {"version": "0.3.13", "website": "http://www.twolame.org/", "description": "TwoLAME"},
    "ucl": {"version": "1.03", "website": "https://www.oberhumer.com/opensource/ucl/", "description": "UCL"},
    "unrtf": {"version": "0.21.9", "website": "https://www.gnu.org/software/unrtf/", "description": "unRTF"},
    "upx": {"version": "3.91", "website": "https://upx.github.io/", "description": "UPX"},
    "vamp-plugin-sdk": {"version": "2.5", "website": "http://vamp-plugins.org/", "description": "Vamp Plugins SDK"},
    "vcdimager": {"version": "0.7.24", "website": "https://www.gnu.org/software/vcdimager/", "description": ""},
    "vidstab": {"version": "0.98b", "website": "http://public.hronopik.de/vid.stab/features.php?lang=en", "description": "vid.stab video stablizer"},
    "vigra": {"version": "1.9.0", "website": "https://ukoethe.github.io/vigra/", "description": ""},
    "vmime": {"version": "680057b", "website": "https://www.vmime.org/", "description": "VMime"},
    "vo-aacenc": {"version": "0.1.3", "website": "https://github.com/mstorsjo/vo-aacenc", "description": "VO-AACENC"},
    "vo-amrwbenc": {"version": "0.1.3", "website": "https://github.com/mstorsjo/vo-amrwbenc", "description": "VO-AMRWBENC"},
    "vorbis": {"version": "1.3.5", "website": "http://www.vorbis.com/", "description": "Vorbis"},
    "vtk": {"version": "8.0.0", "website": "", "description": ""},
    "waf": {"version": "1.8.17", "website": "https://waf.io/", "description": "Waf: the meta build system"},
    "wavpack": {"version": "4.75.2", "website": "http://www.wavpack.com/", "description": "WavPack"},
    "wget": {"version": "1.19.4", "website": "https://www.gnu.org/software/wget/", "description": ""},
    "widl": {"version": "5.0.3", "website": "https://www.winehq.org/docs/widl/", "description": "Wine IDL Compiler"},
    "winpcap": {"version": "4_1_3", "website": "https://www.winpcap.org/", "description": "WinPcap"},
    "wt": {"version": "3.3.7", "website": "https://www.webtoolkit.eu/", "description": "Wt"},
    "wxwidgets": {"version": "3.0.2", "website": "https://www.wxwidgets.org/", "description": "wxWidgets"},
    "x264": {"version": "20170626-2245", "website": "https://www.videolan.org/developers/x264.html", "description": ""},
    "x265": {"version": "2.4", "website": "http://x265.org", "description": ""},
    "xapian-core": {"version": "1.2.21", "website": "https://xapian.org/", "description": "Xapian-Core"},
    "xerces": {"version": "3.1.4", "website": "https://xerces.apache.org/xerces-c/", "description": "Xerces-C++"},
    "xmlrpc-c": {"version": "d4364f4", "website": "https://xmlrpc-c.sourceforge.io/", "description": ""},
    "xmlwrapp": {"version": "0.7.0", "website": "https://sourceforge.net/projects/xmlwrapp/", "description": ""},
    "xorg-macros": {"version": "1.19.0", "website": "https://cgit.freedesktop.org/xorg/util/macros/", "description": "X.org utility macros"},
    "xvidcore": {"version": "1.3.4", "website": "https://www.xvid.com/", "description": ""},
    "xxhash": {"version": "0.6.1", "website": "https://cyan4973.github.io/xxHash/", "description": "xxHash"},
    "xz": {"version": "5.2.3", "website": "https://tukaani.org/xz/", "description": "XZ"},
    "yaml-cpp": {"version": "0.5.3", "website": "https://github.com/jbeder/yaml-cpp", "description": "A YAML parser and emitter for C++"},
    "yasm": {"version": "1.3.0", "website": "http://yasm.tortall.net/", "description": "Yasm"},
    "zlib": {"version": "1.2.11", "website": "https://zlib.net/", "description": ""},
    "zstd": {"version": "1.3.2", "website": "https://github.com/facebook/zstd", "description": "Zstandard is a fast lossless compression algorithm"},
    "zziplib": {"version": "0.13.62", "website": "https://zziplib.sourceforge.io/", "description": "ZZIPlib"},
    "": null
}
